Category,Finish Date,Name,Start Date
Adventurous,2018-09-10,New Zealand Encompassed,2018-08-31
Adventurous,2018-09-10,Cambodia Overland,2018-08-31
Adventurous,2018-09-10,Peru Overland,2018-08-31
Adventurous,2018-09-10,Vietnam Safari,2018-08-31
Adventurous,2018-09-10,Brazil Trek,2018-08-31
Adventurous,2018-09-10,Cambodia Multisport,2018-08-31
Adventurous,2018-09-10,Morocco Safari,2018-08-31
Adventurous,2018-09-10,Galapagos Encompassed,2018-08-31
Adventurous,2018-09-10,Galapagos Discovery,2018-08-31
Adventurous,2018-09-10,New Zealand Adventure,2018-08-31
Adventurous,2018-09-10,Galapagos Trek,2018-08-31
Adventurous,2018-09-10,Brazil Encompassed,2018-08-31
Adventurous,2018-09-10,Kenya Express,2018-08-31
Adventurous,2018-09-10,Galapagos Discovery,2018-08-31
Adventurous,2018-09-10,Sri Lanka Adventure,2018-08-31
Adventurous,2018-09-10,Brazil Adventure,2018-08-31
Adventurous,2018-09-10,Brazil Overland,2018-08-31
Adventurous,2018-09-10,Kenya Encompassed,2018-08-31
Adventurous,2018-09-10,Morocco Discovery,2018-08-31
Adventurous,2018-09-10,Vietnam Trek,2018-08-31
Adventurous,2018-09-10,New Zealand Safari,2018-08-31
Adventurous,2018-09-10,Vietnam Encompassed,2018-08-31
Adventurous,2018-09-10,Ethopia Express,2018-08-31
Adventurous,2018-09-10,Sri Lanka Safari,2018-08-31
