Name, Start Date, Finish Date, Category
New Zealand Encompassed, 2018-08-31, 2018-09-10, Adventurous
Cambodia Overland, 2018-08-31, 2018-09-10, Adventurous
Peru Overland, 2018-08-31, 2018-09-10, Adventurous
Vietnam Safari, 2018-08-31, 2018-09-10, Adventurous
Brazil Trek, 2018-08-31, 2018-09-10, Adventurous
Cambodia Multisport, 2018-08-31, 2018-09-10, Adventurous
Morocco Safari, 2018-08-31, 2018-09-10, Adventurous
Galapagos Encompassed, 2018-08-31, 2018-09-10, Adventurous
Galapagos Discovery, 2018-08-31, 2018-09-10, Adventurous
New Zealand Adventure, 2018-08-31, 2018-09-10, Adventurous
Galapagos Trek, 2018-08-31, 2018-09-10, Adventurous
Brazil Encompassed, 2018-08-31, 2018-09-10, Adventurous
Kenya Express, 2018-08-31, 2018-09-10, Adventurous
Galapagos Discovery, 2018-08-31, 2018-09-10, Adventurous
Sri Lanka Adventure, 2018-08-31, 2018-09-10, Adventurous
Brazil Adventure, 2018-08-31, 2018-09-10, Adventurous
Brazil Overland, 2018-08-31, 2018-09-10, Adventurous
Kenya Encompassed, 2018-08-31, 2018-09-10, Adventurous
Morocco Discovery, 2018-08-31, 2018-09-10, Adventurous
Vietnam Trek, 2018-08-31, 2018-09-10, Adventurous
New Zealand Safari, 2018-08-31, 2018-09-10, Adventurous
Vietnam Encompassed, 2018-08-31, 2018-09-10, Adventurous
Ethopia Express, 2018-08-31, 2018-09-10, Adventurous
Sri Lanka Safari, 2018-08-31, 2018-09-10, Adventurous